Workbook

Sheet Task Recording
A1: Task # | B1: Representative Task | C1: Task Significance | D1: PBI: Interaction Steps (Count) | E1: PBI: Interaction Path (Document Each Step) | F1: GDS: Interaction Steps (Count) | G1: GDS: Interaction Path (Document Each Step) | H1: Notes / Observations
A2: T1 | B2: Rename a KPI / Scorecard label | C2: KPI scorecards are the first element users see on any dashboard. The effort to customise their labels directly affects how quickly an analyst can tailor a dashboard for different stakeholders. | D2: 7 | E2: 1. Click on scorecard visual 2. Click Format pane (paint brush icon) 3. Expand "Callout" section 4. Click "Apply settings to" -5. Select Card to be labelled 6. Click on "Label" sub-section 7. Type new label name under "Text" | F2: 4 | G2: 1. Click on scorecard visual 2. Click on "Style" tab from "Properties" Pane 3. Enable "Show Title" in Chart Title Section OR "Field Name" in Labels Section 4. Enter label name under "Title"
A3: T2 | B3: Change the colour of a bar chart series | C3: Colour encoding is fundamental to visual communication in dashboards. Analysts frequently adjust colours to match organisational branding or to differentiate categories. | D3: 5 | E3: 1. Click on bar chart 2. Click Format pane 3. Expand "Bars/Columns" 4. Select All/Specific Bar/Column under "Apply settings to" section 5.Click colour picker and select new colour (or add conditional formatting) | F3: 3 | G3: 1. Click on bar chart 2. Click "Style" tab in properties panel 3. Click colour picker and select new color from "Color by" Section (or add conditional formatting)
A4: T3 | B4: Add a date range filter/slicer to the dashboard | C4: Date-based filtering is the most common interactive operation in retail dashboards. The effort to insert and configure a date filter determines how quickly time-based exploration becomes available. | D4: 4 | E4: 1. Click Slicer visual in Visualizations "Build Visual" pane → 2. Drag "Date" field into slicer 3. PBI auto-detects date hierarchy 4. Range slider appears automatically | F4: 5 | G4: 1. Click "Add a control" from the menu 2. Select "Date range control" 3. Drag control onto canvas position 4. Open Properties panel 5. Manually bind date field to the control from the "Setup" Tab in "Properties" pane.
A5: T4 | B5: Insert a new chart (e.g., bar chart) and bind data fields | C5: Adding a new visual is the core dashboard construction task. The number of steps from selecting a chart type to seeing data rendered reflects the platform's fundamental design efficiency. | D5: 4 | E5: 1. Click bar chart type in"Build Visual" Visualizations pane 2. Drag measure field into Values well 3. Drag dimension field into X and Y Axis 4. Resize visual on canvas | F5: 4 | G5: 1. Click "Add a chart" from menu 2. Select "Bar chart" 3. Drag fields into Dimension and Metric in "Setup" tab 4. Resize visual on canvas
A6: T5 | B6: Modify a scatter chart label to display full category names | C6: Label readability in dense visualisations directly impacts analytical interpretability. This task specifically tests how each platform handles the label overlap issue discussed in the paper. | D6: 3 | E6: 1. Click on scatter chart from "Build Visual" in Visualizations pane 2. Drag "Category" field into Legend/Details 3. Labels auto-space with no overlap | F6: 7 | G6: 1. Click on scatter chart from "Add a chart" from menu 2. Open Properties pane 3. Add "Category" as dimension in "Setup" Tab 4. Observe labels overlap with full names 5. Navigate to data source settings 6. Create new calculated field using CASE formula to abbreviate each category name 7. Replace original category field with abbreviated field in chart | H6: Step count may vary depending on the number of categories and label length in the dataset. The count recorded reflects the Amazon dataset with six full-length category names.
A7: T6 | B7: Apply cross-visual filtering (click one chart to filter others) | C7: Cross-filtering enables exploratory data analysis without additional controls. The effort to enable or configure this feature affects the analytical interactivity of the dashboard. | D7: 2 | E7: 1. Click on any data point in a chart 2. All other visuals filter automatically (enabled by default) | F7: 4 | G7: 1. Click on a chart 2. Open Properties panel 3. Navigate to Interactions settings 4. Toggle "Cross-filtering" from "Chart Interactions" to apply to other components
A8: T7 | B8: Resize and reposition a visual element on the canvas | C8: Layout adjustment is performed repeatedly during dashboard construction. The availability of snap-to-grid, alignment guides, and drag responsiveness affects overall design efficiency. | D8: 3 | E8: 1. Click on visual to select it 2. Drag corner handle to resize 3. Drag visual body to reposition | F8: 2 | G8: 1. Click on visual to select it 2. Drag corner handle to resize and reposition (auto-snaps to grid immediately)
A9: T8 | B9: Add a border or background styling to a visual element | C9: Visual styling contributes to dashboard readability and professional appearance. The depth of menu navigation required for basic styling tasks reflects the platform's formatting accessibility. | D9: 7 | E9: 1. Click on visual 2. Click Format pane (paint brush icon) in "Visualizations" pane 3. Click "General" tab 4.Expand "Effects" section 4. Scroll to"Visual Border" 5.Toggle "Border" on 6. Select border colour and width | F9: 4 | G9: 1. Click on visual 2. Click "Style tab in properties panel 3. Scroll to "Background and Border" section 4. Set border colour and width directly

Sheet Scoring Summary 
A1: Representative Task | B1: PBI Steps | C1: PBI Interaction Path | D1: GDS Steps | E1: GDS Interaction Path
A2: ='Task Recording'!B2 -> Rename a KPI / Scorecard label | B2: ='Task Recording'!D2 -> 7 | C2: ='Task Recording'!E2 -> 1. Click on scorecard visual 2. Click Format pane (paint brush icon) 3. Expand "Callout" section 4. Click "Apply settings to" -5. Select Card to be labelled 6. Click on "Label" sub-section 7. Type new label name under "Text" | D2: ='Task Recording'!F2 -> 4 | E2: ='Task Recording'!G2 -> 1. Click on scorecard visual 2. Click on "Style" tab from "Properties" Pane 3. Enable "Show Title" in Chart Title Section OR "Field Name" in Labels Section 4. Enter label name under "Title"
A3: ='Task Recording'!B3 -> Change the colour of a bar chart series | B3: ='Task Recording'!D3 -> 5 | C3: ='Task Recording'!E3 -> 1. Click on bar chart 2. Click Format pane 3. Expand "Bars/Columns" 4. Select All/Specific Bar/Column under "Apply settings to" section 5.Click colour picker and select new colour (or add conditional formatting) | D3: ='Task Recording'!F3 -> 3 | E3: ='Task Recording'!G3 -> 1. Click on bar chart 2. Click "Style" tab in properties panel 3. Click colour picker and select new color from "Color by" Section (or add conditional formatting)
A4: ='Task Recording'!B4 -> Add a date range filter/slicer to the dashboard | B4: ='Task Recording'!D4 -> 4 | C4: ='Task Recording'!E4 -> 1. Click Slicer visual in Visualizations "Build Visual" pane → 2. Drag "Date" field into slicer 3. PBI auto-detects date hierarchy 4. Range slider appears automatically | D4: ='Task Recording'!F4 -> 5 | E4: ='Task Recording'!G4 -> 1. Click "Add a control" from the menu 2. Select "Date range control" 3. Drag control onto canvas position 4. Open Properties panel 5. Manually bind date field to the control from the "Setup" Tab in "Properties" pane.
A5: ='Task Recording'!B5 -> Insert a new chart (e.g., bar chart) and bind data fields | B5: ='Task Recording'!D5 -> 4 | C5: ='Task Recording'!E5 -> 1. Click bar chart type in"Build Visual" Visualizations pane 2. Drag measure field into Values well 3. Drag dimension field into X and Y Axis 4. Resize visual on canvas | D5: ='Task Recording'!F5 -> 4 | E5: ='Task Recording'!G5 -> 1. Click "Add a chart" from menu 2. Select "Bar chart" 3. Drag fields into Dimension and Metric in "Setup" tab 4. Resize visual on canvas
A6: ='Task Recording'!B6 -> Modify a scatter chart label to display full category names | B6: ='Task Recording'!D6 -> 3 | C6: ='Task Recording'!E6 -> 1. Click on scatter chart from "Build Visual" in Visualizations pane 2. Drag "Category" field into Legend/Details 3. Labels auto-space with no overlap | D6: ='Task Recording'!F6 -> 7 | E6: ='Task Recording'!G6 -> 1. Click on scatter chart from "Add a chart" from menu 2. Open Properties pane 3. Add "Category" as dimension in "Setup" Tab 4. Observe labels overlap with full names 5. Navigate to data source settings 6. Create new calculated field using CASE formula to abbreviate each category name 7. Replace original category field with abbreviated field in chart
A7: ='Task Recording'!B7 -> Apply cross-visual filtering (click one chart to filter others) | B7: ='Task Recording'!D7 -> 2 | C7: ='Task Recording'!E7 -> 1. Click on any data point in a chart 2. All other visuals filter automatically (enabled by default) | D7: ='Task Recording'!F7 -> 4 | E7: ='Task Recording'!G7 -> 1. Click on a chart 2. Open Properties panel 3. Navigate to Interactions settings 4. Toggle "Cross-filtering" from "Chart Interactions" to apply to other components
A8: ='Task Recording'!B8 -> Resize and reposition a visual element on the canvas | B8: ='Task Recording'!D8 -> 3 | C8: ='Task Recording'!E8 -> 1. Click on visual to select it 2. Drag corner handle to resize 3. Drag visual body to reposition | D8: ='Task Recording'!F8 -> 2 | E8: ='Task Recording'!G8 -> 1. Click on visual to select it 2. Drag corner handle to resize and reposition (auto-snaps to grid immediately)
A9: ='Task Recording'!B9 -> Add a border or background styling to a visual element | B9: ='Task Recording'!D9 -> 7 | C9: ='Task Recording'!E9 -> 1. Click on visual 2. Click Format pane (paint brush icon) in "Visualizations" pane 3. Click "General" tab 4.Expand "Effects" section 4. Scroll to"Visual Border" 5.Toggle "Border" on 6. Select border colour and width | D9: ='Task Recording'!F9 -> 4 | E9: ='Task Recording'!G9 -> 1. Click on visual 2. Click "Style tab in properties panel 3. Scroll to "Background and Border" section 4. Set border colour and width directly
A10: Average Steps | B10: =AVERAGE(B2:B9) -> 4.375 | D10: =AVERAGE(D2:D9) -> 4.125

Sheet Evaluation Environment
A1: Parameter | B1: Details
A2: Hardware | B2: HP EliteBook 840 G6, Intel Core i5-8265U @ 1.60GHz, 4 Cores, 8GB RAM
A3: Operating System | B3: Microsoft Windows 11 Pro (Build 26200)
A4: PBI Version | B4: 2.154.1260.0 (64-bit)
A5: GDS Access Method | B5: Web browser (Google Chrome)
A6: Browser Version | B6: Version 150.0.7871.187 (Official Build) (64-bit)
A7: Internet Connection | B7: Wi-Fi 5 (802.11ac), 5 GHz band, 390/433 Mbps link speed
A8: Screen Resolution | B8: 1920 x 1080
A9: Evaluator | B9: Primary researcher (first author)
A10: Date of Task Recording | B10: 46238
A11: Dashboard Used | B11: Amazon dataset dashboards (PBI and GDS)
A12: Methodology Note | B12: Each task was performed once on each platform. Step counts represent the minimum interaction path observed. Tasks were performed sequentially on PBI first, then GDS, using the same dashboard configuration.
